1,Aadeshnath Aadeshnath
2,Aad Aandacht
3,Aarnio Aarne
4,Aaron Aaron
5,Aaronsohn Aaron
6,Aasland Aadne
7,A. Aaviksaar
8,Abe Aamidor
9,Abeyta Aaron A.
10,Aamidor Abraham
11,Abraham Aaroni
12,Aaron Abrahamsen
13,Aaron Acevado
14,Aaron Acevedo
15,Aggarwala Aarti
16,Aamodt Agnar
17,Aamir Ahmad
18,Aaron Ailis
19,Aarelaid Aili
20,Aino Aalto
21,Arts Bas
22,Aarts Bas
23,Abdoul Ba
24,Al Bas
25,Baas A.
26,B Baabar
27,Baade Anne A.
28,Andreas Baader
29,Aubrey Baadsgaard
30,Asamoa-Baah A.
31,Arita Baaijens
32,Ali Baaj
33,Baak Anke
34,Ayman Baalbaki
35,Baan Ad
36,Baardman B.
37,B. Baasner
38,Babs Ajayi
39,Adams Babs
40,Baba Akiko
41,Bois C.-A.
42,Cas Alexandra
43,CA Balanis
44,Cas Berentsen
45,Bois C-A
46,Besselink Cas
47,Caam Birahim
48,Alonzo Caamal Bartolom
49,Aureli Caamano
50,Alberto Cabada
51,Cabaj Bogdan
52,Cabajsky Andrea
53,Anna Caballe
54,Cabal Antonio
55,Belen Cabal
56,Caballero Benjamin
57,Caballero Alfredo A.
58,Angel Alvarez Caballero
59,Benjamin Caballero
60,Antonio Caballero
61,Das Anadijiban
62,Chen Da
63,Das Alok
64,Ananta-das
65,Das Bhagavan
66,Caterina da Bologna
67,Das Ashok
68,Das Bharat B.
69,Das Amritananda
70,Das A.
71,Beatriz Da Costa
72,Da Costa Beverley
73,Agra Cndido da
74,Adi Da
75,Da Avabhasa
76,Akhil Das
77,Bento da Cruz
78,Chhanda Das
79,Das Amulett
80,Binayak Das
81,Eachann Bacach
82,Eachou Chen
83,Eade David
84,Eades Diana
85,Eade Deborah
86,Eade Charles
87,Eade Brian
88,Ben Eads
89,Deborah Eades
90,Alison Eads
91,Eades Alma
92,Eades Domenyk
93,Caroline Eades
94,Annika Eade
95,Andrew Eade
96,Eads Brian
97,Eades Carol
98,Eades Charles
99,Eade Catharine
100,Eadaidh Climo
101,Briggs F.A.
102,Chang Cheng-fa
103,Fa Chien
104,An Chang-Fa
105,FA BU ER
106,Darren Fa
107,FA Cotton
108,Chang Chun-Fa
109,Faas Ekbert
110,Faa Eric
111,Daniel Faas
112,Andre Faaij
113,Ellen Drake CMT FAAMT
114,Carolyn Chambers Clark EdD ARNP FAAN
115,Faanhof A.
116,Chai Fabang
117,Fabbian Chiara
118,Fabbio Baggio
119,Davide Fabbri
120,Fabbri Editori
121,Carnaby G.A.
122,Facey G.A.
123,Ellie Ga
124,Ga Borich
125,Bruno Gas
126,GA Christodoulakis
127,GAA Corporation
128,Eman Gaad
129,Gaadi Driss
130,David Gaadt
131,Dragan Gaaevic
132,Ga
133,Gaay Fortman Bastiaan de
134,Bas de Gaay Fortman
135,Freeman Gaail
136,Gaakeer Carolien
137,Gaal Arpad
138,Gaal Arlene B.
139,De Gaal Emery
140,Andreas Gaaling
141,Darch H.A.
142,Cartledge H.A.
143,Bao Ha
144,Bui Dang Ha Doan
145,Anne Ha
146,George Ha
147,HA Anton
148,Donny Ha Corsentino
149,Ha Granville-Barker
150,Chung-Eun Ha
151,Gene Ha
152,Cartledge HA
153,Ha Chong-gang
154,Haas Albert
155,Haas Alex de
156,Haas Andrew
157,Haas Adelaide
158,Haas Ben
159,Haas Ain
160,Haas Francois
161,Gurevich A. IA
162,Bereznaia I. IA
163,IA A Gordin
164,IA E Gonik
165,IA IA Grishin
166,IA IA Diachenko
167,Ia Dubois
168,Estrin IA B.
169,Bakelman I. IA
170,Ia Berman
171,Ia Dougherty
172,Almer Ia
173,Brat
174,Ia Enstera
175,Andy Iaascs
176,Iabbadne Akli
177,Gianluca Iaccarino
178,Gilbert A. Churchill And Dawn Iaccobucci
179,Iachello F.
180,Francesco Iachello
181,Gamble J.A.
182,Breuker J.A.
183,Gillis Jas D.
184,Dsidri J.-A.
185,Ensenyat J.A.
186,Dulaure J.-A.
187,Dick J.A.
188,Duke Jas
189,Jas Frank Arnoud
190,Gill Jas
191,Ja Cotruvo
192,Boldrick Jas
193,Cleland Jas
194,Gawronski Jas
195,Jas Bains
196,Au Ja Ja
197,Bateman Jas
198,JA Beran
199,Jas Ingram
200,Dyal Ja
201,Blundell K.A.
202,Bushe K.-A.
203,Christie K.A.
204,Deprez Kas
205,Kas Arnold
206,Eri-Ka Banks
207,Ka Botzis
208,Hua Ka
209,Ka Hancock
210,KA Applegate
211,Das ka
212,Ka Gen
213,Ka Cory
214,Kas Dumroese
215,Açka Flutura
216,Charlotte Ka
217,Ka Fo
218,Kaas Jon H.
219,Henrik Jrgen Huitfeldt-Kaas
220,Kaa Arapera Hineira
221,Cruz Gutierrez Juan de la
222,Fuente Alejandro de la
223,La Botie Estienne de
224,Fuente Angel de la
225,Capitn de las Dunas
226,Juana Ins de la Cruz
227,La Guardia Anton
228,Guardia Carmen de la
229,Casas Bartolom de las
230,De la Bdoyre Guy
231,La Fontaine Jean de
232,Laing David G.
233,Laing Jean
234,Juana Ins de la Cruz
235,Laing Dave
236,La Botz Dan
237,Laing Bonnie
238,De la Fuente Ariel
239,La Glbe Jean de
240,La Cour L. F.
241,Castao Fernndez Antonio Ma
242,Garca Gutirrez Jos Ma
243,Ma Bo
244,Ma L. Eve Armentrout
245,Lukoyanova M.A.
246,Burguera Ma Luisa
247,Ma Kuo Ching
248,Caballero Ma Emilia
249,Fierro Ma Isabel
250,Carey M.A.
251,Ma Benjamin M.
252,Ma Jun
253,Mas Latrie L. de
254,Ma A.
255,Ma Liping
256,Lomatuway
257,Ma Guozhong
258,Ma John
259,Ma Karen
260,Ma Jian
261,Na Chih-liang
262,Chang Hsi-na
263,Kim I-na
264,Grine Domhnall Na
265,Hannoon Na il
266,Lauren Na
267,an Na
268,Han Jiang Na
269,Na Dh Mahanora
270,Ko Ko Naing
271,Na Hi-dk
272,Na Chae-hun
273,Lim Lay Na
274,DAN NA
275,JOAN NA MARIE
276,NA Fellowship
277,Li Na
278,Na Kan-chae
279,Na Muthusway
280,Myles na Gopaleen
281,Dr Lawrence Michael Cameron OAC
282,Oades J. M.
283,Oades G. C.
284,Oades Lorraine
285,Lindsay G. Oades
286,Joy Oades
287,Aryanne Oade
288,Oag Margaret
289,Oag David
290,Oag Denis
291,Oagile Key Dingake
292,Don Hong Oai
293,Don Hong-Oai
294,Hong-Oai Don
295,Oakes David
296,Oakes D.
297,Oaks Dallin H.
298,Oakes Jeannie
299,Oakes Lois
300,Oakes Maud
301,Amirault P.A.
302,Pas Julian F.
303,Bicho P.A.
304,Pa Chin
305,KE ER PA EN
306,Davies Pa
307,KA PA
308,Pa Chin
309,Howard Pa
310,Cakaralikam Pa
311,Kacan Pa
312,P.-A. Absil
313,PA Davis
314,Le Pas Andr
315,PA Ainsworth
316,PA KE
317,Offit M D Pa
318,Gerrit Pas
319,PA Brown
320,Pa Kin
321,Qa Laura
322,QA International
323,QA international Collectif
324,Mufti Muhammad Khan Qaadri
325,Qaalfa Dibeehi
326,Qaba Olivia
327,Practising Qabalist
328,Qabanbaev Marat
329,H. Qabazard
330,Qabbn Nizr
331,Qabwah Fakhr al-Dn
332,Coral Qadar
333,Qaddafi Muammar
334,Ihsan Abd al-Qaddus
335,Qadeer Imrana
336,Faisal Qadeer
337,Mohammed A. Qadeer
338,Qadeer Mohammad A.
339,Gulqarian Qadeer
340,Qadeer Altaf
341,Ras Barbara
342,Ras J. J.
343,Ra Mitaki
344,Kim Ai Ra
345,Baraka Ras
346,Buchanan R.A.
347,Hansen Ras
348,Gilbert R.A.
349,Hanenian R.A.
350,Ras Makonnen
351,Ra Ifagbemi Babalawo
352,RA Meyers
353,Me Ra Koh
354,RA Norton
355,RA Barnett
356,Ra Jong Oh
357,Jarrar Raed
358,Ankh Mi Ra
359,aumakua Ra
360,Daniel Abou-Ras
361,Kadir S.A.
362,Abdul-Rahman Muhammad Saed
363,HOLGATE S-A
364,Gauthreaux S.A.
365,De Sa A.
366,Sas Meir
367,SAS Institute
368,Barros D
369,deSa Derek J.
370,D
371,P. Sa
372,Rotovision Sa
373,Sas Jacobs
374,Mauricio Cardoso De Sa
375,SAS Publishing
376,Editions Berlitz Sa
377,Hany El Saed Ahmed
378,SAS Institute Inc
379,Inc SAS Institute
380,Lucia Sa
381,Hsiung Deh-Ta
382,Tas Sal
383,Tas H.
384,Rona-Tas Akos
385,Sa-skya Pai-ta Kun-dga-rgyal-mtshan
386,Tas J.
387,Chu Ta
388,Chen Ta
389,Li Ta M.
390,Chen Kuo-ta
391,Lan-Chou Ta Hsueh
392,Chung-Kuo K
393,Liu Ta
394,Mu Tas 2001 Symposium
395,Ta Obreht
396,Harris Ta
397,SANG TA GE
398,TA O
399,Q-ta Minami
400,Khang Duc-Ta
401,Ua Maoileoin Pdraig
402,Ua Crinin Risterd
403,Benjawan Jai-Ua
404,Ua Clerigh Arthur
405,Ua Cuinn Eadhmonn
406,Arthur Ua Clerigh
407,Ua Cnimhs Pdraig
408,Gerardo Ua
409,Padraig Ua Cnaimhsi
410,Siaghail Patricia Ua
411,Canclini Nbstor GarcUa
412,GarcUa-Cuerva J.
413,Ua Maoileoin Pádraig
414,Ua Laoghaire Peadar
415,Uadia Patrick Ojeifo
416,Uahc Press
417,U. Uahn
418,Uaibrou Ian
419,Puthpongsiriporn Uaichai
420,O. Uail
421,Vas Irwin E.
422,Vas K.
423,Bowes V.A.
424,Vas Peter
425,Dep Noi Dau Va Cai
426,va Forgcs
427,Khnmund Vas I.
428,NONCOMPACT VA BREZIS-BROWDER CONFERENCE
429,VA Mason Med Ctr
430,Koc Ut-Va
431,Lorinczy va B.
432,Gbor va
433,Szacsvay va
434,Le Va Barry
435,Vas Tsagiannes
436,E. A Vas
437,Rmasvmistr Va A.
438,Va Citizen of Richmond
439,Anita Vas
440,Hong Va Leong
441,Clercq W.A. de
442,Maina wa Kinyatti
443,Kwok Tak-Wa
444,Wa Gisday
445,Kabika Lyamba wa
446,Ktuk Vincent Mli wa
447,Ngg wa Thiongo
448,Ngg wa Thiong
449,Chia Ping-wa
450,Muli wa Kyendo
451,Ngugi wa Thiong
452,Chia Ping-wa
453,Ngugi Mukoma wa
454,Gthnji Mwangi wa
455,Wa Lulenga Seba
456,KAZADI WA MAKUNA
457,Ngugi wa Mirii
458,Wa Said Dibinga
459,Dikobe wa Mogale
460,Ngugi Wa Thiongo
461,Xa Alicia Reyes
462,Xa Milne
463,Axmed Cabdulqaadir Xaaji Cali Xaaji
464,Axmed Cartan Xaange
465,XAB Design
466,Xaba Musa
467,Thokozani Xaba
468,Xaba Dudu
469,Xaba W. M.
470,Xaba Makhosazana
471,Alvarez Lluis Xabel
472,Gorostiaga Xabier
473,Arrazola Xabier
474,Xabier R. Blanco
475,Xabier Pealver Iribarren
476,Arzalluz Xabier
477,Xabier Amuriza
478,Gonzlez Xabier
479,Goenaga Xabier
480,Xabier P. Docampo
481,Schelev Mikhail Ya
482,Karasik A. Ya
483,Kots Ya M.
484,Kuriyama Kin
485,Azibo Daudi Ajani ya
486,Krenin A. Ya
487,Antimirov M. Ya
488,Frenkel S. Ya
489,Ko-sprul Blo-gros-mtha-yas
490,Palchik Mark Ya
491,Ponomarev Ya G.
492,Davydov E. Ya
493,Wallace Kathryn Yaing
494,Slepyan G. Ya
495,Slepyan A. Ya
496,Pesin Ya B.
497,Shlyapintokh Victor Ya
498,Medvedev N. Ya
499,Vasilev Ivan Ya
500,Li Ya
501,Santos Zas Margarita
502,Za Rinpoche
503,Metalliferous Ores and Metal Scrap in Za
504,Za Nino
505,Pul
506,Institut za geodezijo in fotogrametrijo FGG
507,Mairowitz David Za
508,Papp Géza
509,Kathona Géza
510,Go Khup Za
511,Damon Za
512,Róheim Géza
513,Ottlik Géza
514,Buzinkay Géza
515,Galavics Géza
516,Vasy Géza
517,Körmendi Géza
518,ZA Yamayee
519,ZA Maxfield
520,Gárdonyi Géza
