1,Georgiana Braun,Comedy,811
2,Courtland Abernathy,Mystery,76
3,Miss Anitra Mills DVM,Drama,529
4,Vernie White,Erotic,388
5,Miss Aimee Sipes PhD,Comedy,616
6,Annette Kemmer MD,Erotic,861
7,Dr. Earlie Rolfson I,Mystery,810
8,Charlee Cruickshank,Drama,130
9,Baylee Dare,Drama,513
10,Raina Connelly,Comedy,840
11,Sarahi VonRueden,Mystery,829
12,Jayvon O'Reilly,Comedy,841
13,Hershell Effertz Jr.,Mystery,299
14,Roberto Zemlak,Comedy,649
15,Shaina Padberg,Comedy,233
16,Dr. Stone Mayer V,Mystery,755
17,Phyliss Funk,Drama,711
18,Larry Rowe,Drama,350
19,Jalyn Rippin,Mystery,579
20,Zelia Walter,Mystery,382
21,Gerhardt Carter DDS,Comedy,925
22,Mr. Guss Connelly,Mystery,760
23,John Leffler,Drama,15
24,Hazel Lemke,Drama,943
25,Mr. Fate Grady,Mystery,791
26,Rob Kovacek,Mystery,661
27,Flem Robel,Mystery,487
28,Kelsi Huel,Comedy,425
29,Keri Mayert,Comedy,107
30,Casimer Jenkins,Erotic,383
31,Fiona Kuhic,Comedy,918
32,Marleigh Bednar,Drama,113
33,Madisyn Hane,Drama,611
34,Miss Lizabeth Bartoletti PhD,Drama,81
35,Anthoney Green,Comedy,396
36,Mr. Schuyler Nader,Drama,179
37,Yolonda Hagenes,Comedy,461
38,Miss Pearle Adams,Mystery,819
39,Kenya Schaden,Comedy,779
40,Mr. Quinton Stark,Mystery,620
41,Stanley Corwin V,Drama,982
42,Margery Senger,Drama,391
43,Wilburn Schiller,Drama,974
44,Kaden Conroy I,Autography,140
45,Lillia McClure MD,Mystery,890
46,Pearle Schultz,Comedy,250
47,Latonya Dach,Mystery,388
48,Miss Janiya Parker,Mystery,748
49,Janna Mueller,Erotic,755
50,Dr. Roger Dicki IV,Drama,57
51,Elza Padberg,Comedy,969
52,Lassie Keeling,Mystery,580
53,Miss Gabriela Schamberger,Autography,87
54,Miss Tanja Cartwright,Mystery,109
55,Mr. Lazaro Witting III,Mystery,912
56,Dr. Sade Dare,Drama,991
57,Hortencia Wiegand,Mystery,101
58,Mrs. Peggy Schaefer,Mystery,866
59,Nelda Kautzer,Mystery,176
60,Frederic Balistreri,Comedy,512
61,Bebe DuBuque,Drama,385
62,Stacy Kertzmann Jr.,Drama,950
63,Layla Stiedemann,Mystery,756
64,Mrs. Shantel Wilkinson,Drama,877
65,Glinda Okuneva,Mystery,669
66,Wade Spinka,Erotic,433
67,Kelly Lemke,Mystery,122
68,Isaac Becker,Drama,398
69,Gillie Lueilwitz,Comedy,938
70,Rikki Bednar,Autography,655
71,Deetta Kautzer,Drama,93
72,Janessa Tillman MD,Drama,46
73,Dr. Melony Wehner DVM,Drama,819
74,Kortney Pollich,Drama,752
75,Savion Marks,Mystery,703
76,Ever Wolf PhD,Drama,182
77,Dr. Jedediah Muller DDS,Mystery,317
78,Mr. Mariano Sipes IV,Mystery,459
79,Ivie Rowe,Drama,649
80,Pallie Batz,Mystery,440
81,Brea Stokes,Autography,585
82,Dr. Arther Wilderman,Drama,532
83,Savon Jacobi,Drama,922
84,Mr. Joey Kemmer PhD,Mystery,784
85,Ernesto Zboncak Jr.,Mystery,998
86,Willian Gutmann,Drama,45
87,Mrs. Madyson Wehner DDS,Drama,844
88,Dr. Corinne Monahan DDS,Comedy,917
89,Pranav Simonis,Mystery,564
90,Cara Abshire,Comedy,34
91,Miss Ardis Pollich MD,Drama,249
92,Dimple Blick PhD,Drama,887
93,Louetta Bode PhD,Mystery,707
94,Joshua Harris,Drama,835
95,Ronaldo Rippin,Autography,280
96,Lambert Pouros,Mystery,30
97,Roxanna Spinka,Mystery,815
98,Waldemar Hauck,Drama,89
99,Krysten Rowe,Drama,311
100,Davian Mitchell,Autography,719
101,Dr. Jacquelyn Corkery DDS,Drama,551
102,Gayle Pfeffer,Mystery,21
103,Milissa Glover MD,Mystery,658
104,Aubree Funk,Mystery,935
105,Kamya Reinger,Comedy,714
106,Dr. Jakob Reichert II,Drama,761
107,Dr. Durward Rice DDS,Autography,219
108,Holli Stehr,Mystery,696
109,Valeria Ryan,Drama,633
110,Dr. Alden Johnson V,Drama,41
111,Saul Kilback,Mystery,813
112,Goldia Price,Mystery,742
113,Dr. Connor Buckridge Sr.,Comedy,284
114,Autry Mann,Mystery,297
115,Ruffin Stiedemann,Mystery,780
116,Marian Ward,Comedy,309
117,Alonzo Pfeffer,Drama,228
118,Jarrett Rosenbaum,Comedy,400
119,Bernard Prosacco,Mystery,509
120,Oda Dooley,Comedy,505
121,Aaliyah Ziemann PhD,Mystery,618
122,Dicy Nicolas MD,Drama,723
123,Blaze Yost,Drama,144
124,Mr. Giles Gusikowski,Comedy,582
125,Dr. Roni Bogan,Drama,483
126,Ms. Kelis Bogisich PhD,Comedy,556
127,Harley Considine,Drama,101
128,Marius Price,Erotic,835
129,Calhoun Hudson,Drama,180
130,Edith Spencer DVM,Comedy,70
131,Garrick Jacobi,Drama,188
132,Dr. Rolanda Bergstrom,Mystery,816
133,Alexus O'Reilly,Comedy,962
134,Robert Armstrong,Drama,702
135,Vere Deckow MD,Drama,787
136,Ancel Cruickshank,Erotic,988
137,Milton Kuhic,Mystery,731
138,Gardner Dietrich,Comedy,598
139,Miss Lara Wuckert MD,Comedy,450
140,Aylin Stark,Mystery,871
141,Kenia Adams,Mystery,92
142,Hugo Kemmer,Drama,587
143,Zaiden Ebert,Mystery,710
144,Dr. Giovanna Erdman PhD,Comedy,759
145,Frederic Ledner,Drama,443
146,Trystan Hilll,Comedy,944
147,Mrs. Porsche Kuhic,Drama,596
148,Vanesa Hackett,Drama,567
149,Delois Haley,Mystery,147
150,Mayo Dooley,Erotic,522
151,Lewis Dickinson,Mystery,86
152,Taj Terry,Drama,660
153,Van Fritsch,Drama,332
154,Dr. Gurney Strosin IV,Comedy,741
155,Phebe Rohan,Mystery,866
156,Hope Schneider PhD,Erotic,144
157,Emelie Mueller,Mystery,244
158,Miss Marni Lindgren PhD,Drama,284
159,Jesus Pacocha,Comedy,926
160,Justyn Herzog,Erotic,50
161,Denny Mills,Comedy,304
162,Miss Wende Larson DDS,Mystery,890
163,Mr. Haden Kunze Sr.,Mystery,705
164,Miss Shanta Sauer MD,Mystery,174
165,Irma Hintz,Comedy,761
166,Jocelyn Abernathy,Mystery,580
167,Aditya Schowalter,Autography,863
168,Felipa Kiehn,Mystery,838
169,Dr. Annabelle Lemke DVM,Mystery,95
170,Dixon Lakin,Mystery,579
171,Mayo Wolf,Drama,923
172,Arvo Corkery,Mystery,867
173,Carolann Gutkowski MD,Comedy,95
174,Dr. Lawanda Spinka,Mystery,970
175,Evan O'Reilly,Drama,659
176,Mr. Clemente Kuphal,Drama,131
177,Mr. Loran Kerluke I,Comedy,566
178,Miss Azaria Block,Erotic,401
179,Nim Schaefer,Drama,876
180,Francesca Conroy,Mystery,874
181,Canyon Roob II,Mystery,432
182,Mr. Buren Blanda,Comedy,797
183,Jesus Streich IV,Autography,824
184,Mr. Marcelino Kris MD,Mystery,465
185,Leslie Conroy,Erotic,18
186,Makala Mertz,Comedy,369
187,Robb Wilkinson,Drama,369
188,Lesia Kuhlman,Comedy,287
189,Joetta Mohr,Mystery,842
190,Madalyn Rice,Erotic,183
191,Luanne Macejkovic MD,Autography,389
192,Dr. Woody O'Hara Jr.,Comedy,827
193,Kenya Keeling,Drama,918
194,Alexandr Willms,Comedy,486
195,Dana Bauch I,Mystery,800
196,Mrs. Dayna Flatley DVM,Mystery,833
197,Alvie Welch,Drama,190
198,Osa Schneider MD,Drama,858
199,Dayne Walter,Drama,711
200,Mr. Salvador Becker,Drama,723
201,Michell Rutherford,Mystery,576
202,Jeryl Goyette,Mystery,276
203,Lulie Mann MD,Comedy,546
204,Hilliard Fahey,Comedy,85
205,Dr. Warren Gutmann,Comedy,206
206,Huston Roberts,Mystery,568
207,Mr. Loran Russel II,Mystery,46
208,Landon O'Hara,Mystery,933
209,Turner Crooks Jr.,Mystery,102
210,Miss Annette Bergstrom PhD,Mystery,625
211,Aime Bosco V,Drama,274
212,Howell Nolan III,Drama,161
213,Reason Howell,Drama,757
214,Natalie Johnston,Drama,638
215,Vina Herman,Comedy,245
216,Dr. Shanice Morar MD,Drama,965
217,Trey Tromp,Mystery,871
218,Izayah Abernathy,Drama,244
219,Karsyn Roob,Drama,325
220,Heyward Kilback,Comedy,275
221,Ryne Fisher I,Mystery,588
222,Nanie Pagac,Comedy,441
223,Kem Kulas,Mystery,706
224,Gussie Doyle,Erotic,155
225,Kael Cassin,Mystery,688
226,Attilio Fadel,Drama,58
227,Jonathan Bechtelar,Erotic,874
228,Cody Wyman,Comedy,171
229,Mercer Sawayn I,Mystery,965
230,Johny Johnston,Mystery,722
231,Faron Bergstrom,Drama,375
232,Orion Shields,Mystery,793
233,Nash Monahan,Drama,778
234,Mr. Lavar Zulauf,Mystery,161
235,Mrs. Jorja Kilback,Comedy,633
236,Francisco Schaden,Drama,440
237,Mrs. Deidra Kutch DVM,Drama,983
238,Madilyn Braun,Mystery,667
239,Hasan Gleichner Jr.,Mystery,975
240,Alzina Baumbach,Comedy,821
241,Tye Runte II,Mystery,970
242,Dr. Justus Prohaska IV,Drama,449
243,Miss Karolyn Torphy,Comedy,414
244,Charlsie Moen,Drama,55
245,Ms. Kacy Mayert,Mystery,449
246,Forest Davis,Mystery,703
247,Harry Bergstrom,Mystery,538
248,Bradyn Donnelly,Mystery,57
249,Jayvion Tromp DDS,Comedy,705
250,Wava Mayert MD,Mystery,920
251,Dortha Emard,Drama,829
252,Ms. Rhona Block,Comedy,544
253,Ilah Lindgren PhD,Comedy,167
254,Mr. Arsenio Pagac,Drama,108
255,Williemae Bernier,Mystery,565
256,Marcia Rowe,Erotic,446
257,Otho Olson,Drama,820
258,Brylee Kertzmann,Mystery,990
259,Dr. Billye O'Conner PhD,Mystery,698
260,Dr. Chynna Fisher MD,Drama,859
261,Mr. Artis Zulauf DDS,Drama,95
262,Ms. Lorri Kohler,Erotic,842
263,Hezekiah Casper,Mystery,85
264,Shaquita Schulist,Mystery,999
265,Mr. Adams Luettgen DDS,Drama,313
266,Mrs. Samiyah Doyle,Mystery,190
267,Gilbert Zemlak,Mystery,342
268,Jenna Boehm,Drama,67
269,Margurite Hills,Drama,729
270,Gennaro Schamberger,Mystery,222
271,Chana Conn,Drama,419
272,Armani Wiza,Drama,912
273,Ova Lemke,Mystery,623
274,Tawana O'Conner,Comedy,231
275,Dr. Herlinda Stehr,Drama,129
276,Darlyne Herzog,Mystery,123
277,Kendall Hauck,Mystery,140
278,Dora Kshlerin,Comedy,91
279,Jim Collier,Drama,845
280,Ashlyn Toy,Comedy,638
281,Elenor Cole,Drama,155
282,Gladstone Bruen,Mystery,457
283,Kathey Breitenberg,Comedy,51
284,Lena Crona MD,Mystery,949
285,Boyd Bashirian,Mystery,450
286,Elenore Dooley,Drama,708
287,Mr. Phoenix Leannon,Comedy,96
288,Arvo Waelchi,Comedy,148
289,Erie Lebsack,Comedy,299
290,Freida Osinski,Mystery,172
291,Koen Pouros,Drama,769
292,Miss Carmel Hansen DDS,Drama,531
293,Mrs. Velda Runolfsdottir,Autography,258
294,Dr. Rillie Zemlak DVM,Drama,17
295,Jodi Haley,Mystery,888
296,Clemmie Christiansen,Erotic,129
297,Antone Roob,Mystery,903
298,Dr. Governor Auer,Mystery,898
299,Delina Williamson,Mystery,804
300,Kendra Barrows,Drama,623
301,Katharyn Barton,Mystery,376
302,Terra Renner,Mystery,644
303,Jasmin Price,Drama,510
304,Zhane Herzog DVM,Drama,385
305,Cato Moen,Drama,733
306,Mr. Tavian Reichert I,Comedy,774
307,Aryana O'Keefe,Drama,75
308,Tisa Lowe,Drama,486
309,Lyda Flatley,Comedy,416
310,Rosanne Cassin,Drama,662
311,Tia Bernhard,Autography,859
312,Leonore Grady,Mystery,48
313,Frankie Mitchell,Mystery,523
314,Verena Jakubowski,Mystery,157
315,Malachi Ernser,Drama,454
316,Nayely Sipes DVM,Drama,848
317,Carli Kub,Mystery,619
318,Ilda Beier,Mystery,646
319,Theodora Turner,Drama,646
320,Miss Sydni Durgan MD,Comedy,796
321,Werner Wintheiser,Drama,982
322,Mallie Stehr,Drama,764
323,Miss Nealy McLaughlin,Comedy,862
324,Nancie Pacocha DDS,Drama,769
325,Lars Weber MD,Comedy,609
326,Mrs. Ansley Rodriguez,Erotic,237
327,Tami Jewess DDS,Comedy,123
328,Mr. Christion Stiedemann II,Comedy,292
329,Clemie McDermott,Drama,92
330,Tiney Boyle,Mystery,514
331,Ms. Margo Weissnat PhD,Comedy,783
332,Mr. Abdullah Goldner Jr.,Comedy,171
333,Ms. Versa Hauck,Mystery,834
334,Kitty Wyman,Comedy,10
335,Blake Hermann,Erotic,347
336,Mrs. Mai Murphy,Drama,176
337,Alek Mertz,Comedy,747
338,Bennett Klein,Mystery,655
339,Ms. Elianna Eichmann,Drama,887
340,Mallory Reichel,Mystery,99
341,Miss Mossie Paucek,Drama,153
342,Farris Bartoletti,Mystery,104
343,Lonnie Marvin,Mystery,140
344,Marques Ziemann,Autography,999
345,Jerrel Heaney IV,Mystery,417
346,Ms. Aimee Raynor,Comedy,366
347,Gladyce Homenick,Drama,440
348,Ms. Deirdre Kutch MD,Mystery,600
349,Evonne Cruickshank,Mystery,774
350,Fae Cummings,Drama,445
351,Juliette Brekke,Mystery,804
352,Roll Yundt Jr.,Mystery,337
353,Wayne Mills,Erotic,258
354,Rosann Daniel,Drama,978
355,Green Turcotte MD,Mystery,986
356,Zed Bernier,Comedy,404
357,Ms. Flossie Spencer PhD,Mystery,423
358,Yulisa Bergstrom PhD,Mystery,229
359,Sherrill Buckridge,Mystery,307
360,Kazuo Koepp V,Autography,44
361,Alcide Zemlak DDS,Mystery,760
362,Renaldo Schaden,Mystery,529
363,Randall Price,Drama,78
364,Bridgette Runolfsson,Mystery,758
365,Dr. Somer Kunze,Comedy,828
366,Aydan Wintheiser,Drama,119
367,Dr. Roddy Rolfson,Drama,355
368,Jeremie Abshire,Mystery,571
369,Chase Beahan,Drama,100
370,Cristen Lehner,Erotic,956
371,Dianna Dibbert,Mystery,317
372,Ballard Pollich,Mystery,923
373,Treena Feeney,Comedy,472
374,Latanya Klocko,Comedy,829
375,Peter Armstrong,Drama,731
376,Ms. Fidelia Gutkowski,Mystery,747
377,Mr. Adam Prosacco,Drama,41
378,Thursa Wisozk,Erotic,950
379,Marlana Kemmer,Mystery,576
380,Erma Reichel,Mystery,63
381,Mrs. Madeleine Tremblay,Comedy,927
382,Mr. Russell Hermann,Mystery,45
383,Alwin O'Keefe,Comedy,372
384,Racheal Sanford,Erotic,823
385,Dr. Deryl Gutmann,Comedy,373
386,Myranda Kemmer,Comedy,261
387,Ms. Glenn Kshlerin PhD,Mystery,691
388,Woodie Johnson,Comedy,55
389,Courtney Yundt,Comedy,547
390,Murphy Barton,Mystery,988
391,Darvin Hilll DVM,Drama,111
392,Ethie Jerde,Drama,994
393,Ms. Merrily Veum,Mystery,341
394,Mr. Raven Marvin,Mystery,166
395,Gerald Nolan I,Mystery,298
396,Ms. Else Hoppe PhD,Mystery,632
397,Derl Muller,Mystery,561
398,Margarite Labadie,Comedy,321
399,Glynis Wilderman,Drama,412
400,Gena Hirthe,Drama,538
401,Rogelio Reinger,Drama,425
402,Rae Conn,Comedy,907
403,Vernal Luettgen,Mystery,632
404,Miss Chrissie Weber PhD,Drama,987
405,Keon Bernier,Drama,24
406,Baby Lueilwitz,Drama,295
407,Myrtie Grant,Drama,574
408,Buren Bradtke,Drama,578
409,Nehemiah Herman MD,Comedy,25
410,Elianna Franecki,Mystery,272
411,Vicy Grady,Drama,374
412,Lise Veum,Comedy,628
413,Mrs. Christel Gutkowski,Autography,922
414,Dr. Delle King DVM,Mystery,691
415,Pearl Berge PhD,Drama,560
416,Marcie Kemmer,Drama,400
417,Werner Bergstrom,Comedy,556
418,Isai Mosciski,Drama,870
419,Dr. Dione Dare DDS,Mystery,156
420,Adyson Kirlin,Drama,668
421,Chrissy Koch DVM,Mystery,585
422,Jana Windler DVM,Drama,996
423,Xena Greenholt,Drama,699
424,Miss Skye Weber DVM,Comedy,867
425,Soloman Wolf DVM,Comedy,666
426,Dema Yundt,Mystery,14
427,Shianne Gutmann PhD,Comedy,385
428,Dagny Hettinger,Comedy,298
429,Evert Schimmel,Drama,642
430,Holden Kihn,Comedy,754
431,Marybeth Herzog,Autography,487
432,Latonia Abbott,Mystery,392
433,Lim Ziemann,Drama,127
434,Grover Stracke,Drama,338
435,Danika Harris,Mystery,104
436,Milburn Gutmann Jr.,Mystery,971
437,Paola Runolfsdottir,Erotic,101
438,Dann Crist,Mystery,991
439,Ivette Macejkovic,Drama,693
440,Johana Buckridge DVM,Drama,19
441,Isobel Abbott,Mystery,910
442,Melvina Bartell,Drama,221
443,Carolina Romaguera,Mystery,657
444,Dr. Ebert Schumm Jr.,Drama,278
445,Lyric Toy,Drama,569
446,Braulio Howe IV,Mystery,302
447,Elgie Bogan,Mystery,203
448,Hadley Grimes Jr.,Comedy,547
449,Marlo Nienow,Mystery,766
450,Bridgett Batz DDS,Mystery,521
451,Jamie Beatty,Mystery,696
452,Krystle Schroeder DVM,Mystery,352
453,Ozie Hilpert MD,Mystery,826
454,Rhona Kerluke,Drama,221
455,Miss Hassie Hauck,Comedy,829
456,Banks Lockman,Comedy,523
457,Dr. Deontae Nikolaus,Comedy,284
458,Noelle Pagac,Mystery,615
459,Mr. Melvyn Pouros Sr.,Drama,279
460,Dr. Sherron Effertz DDS,Drama,574
461,Luka Beahan,Mystery,399
462,Council DuBuque PhD,Comedy,580
463,Stan Konopelski,Comedy,605
464,Lexie Schulist,Drama,772
465,Franc Barton,Comedy,727
466,Liam Kessler,Comedy,668
467,Molly Stokes,Erotic,166
468,Lu Turner,Mystery,113
469,Ms. Oral White PhD,Comedy,876
470,Terra Gulgowski,Mystery,689
471,Evelena Robel,Drama,603
472,Jack Schultz,Drama,610
473,Debera Schumm,Drama,966
474,Tabatha Boyle,Comedy,527
475,Dario Leffler,Comedy,560
476,Lloyd Casper,Drama,116
477,Mr. Kai Torphy,Erotic,674
478,Mrs. Fawn Spinka,Comedy,354
479,Kelby Ward,Comedy,461
480,Shyanne Kunde,Erotic,701
481,Carey Beatty,Drama,490
482,Josefina Lebsack,Mystery,102
483,Ms. Pearline Gislason,Mystery,743
484,Lilyan Goldner,Comedy,405
485,Okey Feest,Comedy,572
486,Macel Will,Drama,768
487,Harvie Botsford V,Comedy,276
488,Mikaela Marvin,Mystery,844
489,Miss Ester Romaguera,Drama,665
490,Maxie Huel,Erotic,168
491,Dr. Yajaira Fahey,Autography,190
492,Dulcie Christiansen,Drama,11
493,Pinkey Ankunding MD,Drama,69
494,Cinnamon McDermott,Mystery,694
495,Mrs. Aylin Homenick PhD,Drama,862
496,Taft Gottlieb,Mystery,162
497,Basil VonRueden,Drama,950
498,Delmar Leffler,Drama,742
499,Charolette Murphy,Mystery,649
500,Ms. Patrice Bernier MD,Mystery,234
501,Brianda Kling,Autography,867
502,Novella D'Amore,Drama,87
503,Winford Okuneva,Drama,843
504,Dr. Sedrick Torphy III,Drama,571
505,Kathyrn Lind PhD,Drama,894
506,Landon Ortiz,Comedy,717
507,Lola Turner,Drama,378
508,Lemuel Hagenes,Drama,866
509,Mrs. Billye Gaylord PhD,Drama,50
510,Dr. Ebert McClure DVM,Drama,371
511,Jerrell Gerlach,Mystery,387
512,Mrs. Domenica Swift DDS,Drama,655
513,Avis Kovacek,Comedy,144
514,Verlene Gutkowski,Drama,435
515,Mr. Davante Herman IV,Drama,510
516,Paula Douglas,Mystery,37
517,Williard Glover,Mystery,223
518,Quint Ruecker II,Comedy,57
519,Miss Audriana Mayer,Mystery,904
520,Mr. Cordaro Brekke,Mystery,452
521,Clarke Nicolas,Drama,607
522,Lila Stehr,Mystery,605
523,Anika Zboncak,Mystery,648
524,Elba Howe,Mystery,283
525,Jefferey Stiedemann,Mystery,96
526,Mr. Audie Grimes III,Drama,432
527,Sadye Leuschke,Drama,751
528,Trystan Schmitt,Drama,165
529,Park Flatley,Mystery,663
530,Pattie Rohan MD,Mystery,807
531,Mr. Joshua Lowe,Drama,838
532,Ivory Maggio,Comedy,526
533,Korbin Heaney,Drama,17
534,Dean Pagac,Mystery,77
535,Mrs. Maleah Quigley,Comedy,821
536,Dr. Loran Howell,Mystery,206
537,Earl Corkery,Drama,923
538,Jonas Witting,Drama,455
539,Kamari Schinner,Comedy,776
540,Murphy Windler,Comedy,720
541,Carlie Skiles,Comedy,198
542,Colon Nikolaus,Comedy,304
543,Press Lockman,Mystery,381
544,Celena Hickle,Mystery,957
545,Mrs. Lyn Schuppe DDS,Drama,974
546,Hakeem Smitham,Erotic,117
547,Mercer Lang,Mystery,507
548,Mrs. Mina Haag DVM,Mystery,37
549,Tavares Dietrich,Drama,168
550,Johnnie Ebert,Drama,925
551,Zeb Lemke,Mystery,656
552,Charlton Farrell,Autography,714
553,Kevin Turner Sr.,Drama,32
554,Penelope Koss,Mystery,285
555,Mrs. Tameka Nicolas DDS,Erotic,548
556,Ogden Hermiston,Comedy,157
557,Hugh O'Connell,Mystery,12
558,Mona Douglas,Drama,554
559,Christel Schimmel,Drama,116
560,Dr. Javonte Harvey III,Mystery,530
561,Zilpah Blick PhD,Mystery,812
562,Rustin Howe,Mystery,467
563,Tatsuo Kautzer,Mystery,740
564,Jamil Bauch,Mystery,690
565,Junius Rutherford,Mystery,784
566,Kristin Hermann,Drama,684
567,Mr. Leandro Ferry,Drama,283
568,Dr. Kale Gutkowski PhD,Mystery,687
569,Mrs. Sheridan Hand,Comedy,918
570,Burnice Ryan,Comedy,718
571,Dr. Ira Littel IV,Drama,875
572,Janis Grimes,Comedy,545
573,Seamus Hahn I,Comedy,842
574,Dr. Zoa Green,Drama,232
575,Baby Nienow,Erotic,128
576,Beverley Hammes DDS,Drama,510
577,Rosa Kuhlman,Comedy,336
578,Waldo Terry,Mystery,133
579,Merna Beier,Comedy,659
580,Dr. Nya Dibbert,Comedy,809
581,Kathryn Lowe,Drama,795
582,Lorenz Hilpert,Comedy,269
583,Mrs. Vina King PhD,Comedy,217
584,Dr. Vito Dibbert,Drama,478
585,Rollie Bartell,Drama,402
586,Alyssia Dach DVM,Mystery,83
587,Mr. Marcelo Stehr,Drama,942
588,Mrs. Eva Heathcote MD,Drama,185
589,Roni Weissnat,Drama,962
590,Mr. Milan Beer MD,Comedy,528
591,Dr. Leota Stanton MD,Mystery,107
592,Steward Watsica,Mystery,481
593,Maxim Price,Erotic,213
594,Tracie Walsh DVM,Drama,531
595,Dr. Gustaf Simonis,Drama,269
596,Miss Janelle Berge,Comedy,282
597,Achsah Effertz,Comedy,749
598,Latosha Gottlieb,Autography,256
599,Raleigh Corwin,Drama,637
600,Gilda Cartwright,Drama,760
601,Watt Mertz V,Mystery,224
602,Brandon Torphy,Comedy,663
603,Serina Gaylord,Comedy,108
604,Dr. Katlin Brekke,Comedy,334
605,Jule Thompson,Autography,685
606,Dr. Boysie Bahringer,Comedy,670
607,Roxane Towne,Mystery,842
608,Son Cole,Mystery,220
609,Jetta Funk,Comedy,530
610,Alonzo Lueilwitz,Comedy,968
611,Joy Nikolaus,Drama,138
612,Pershing Heller,Mystery,167
613,Kelsey Leannon,Drama,958
614,Gretchen Upton,Mystery,898
615,Garnet Fadel,Mystery,971
616,Hettie Adams,Comedy,347
617,Ephraim Toy,Comedy,303
618,Daquan Pouros,Drama,864
619,Sedrick Jakubowski PhD,Comedy,292
620,Tamekia Lemke,Comedy,743
621,Darron Hilll,Mystery,402
622,Jamel Ullrich,Comedy,530
623,Earley O'Kon,Autography,36
624,Loney Runolfsdottir,Comedy,702
625,Dr. Louann Bernier,Drama,100
626,Mable Herzog,Comedy,112
627,Dr. Edd Kassulke III,Comedy,707
628,Dr. Francisco Collins Sr.,Mystery,199
629,Dr. Elzy O'Kon,Drama,21
630,Cleda Koelpin,Mystery,293
631,Millard Beier,Mystery,709
632,Marva Bednar,Erotic,187
633,Mr. Alberto Smitham,Comedy,563
634,Charles Jast,Mystery,467
635,Mr. Percy Nader,Mystery,272
636,Marcelino Lockman,Mystery,825
637,Mr. Caiden Walsh,Drama,874
638,Mr. Kennth Hilll,Drama,679
639,Dr. Katharina Gleason MD,Mystery,72
640,Dr. Foch Feest III,Mystery,319
641,Kailey Altenwerth PhD,Mystery,883
642,Hortensia Schneider,Mystery,339
643,Channing Bayer,Drama,646
644,Adalynn Tillman MD,Drama,553
645,Miss Rachel Goodwin,Drama,262
646,Cal Runolfsson DDS,Drama,248
647,Miss Emmie Roob,Mystery,189
648,Lyndsay Emard,Drama,945
649,Mr. Faustino Gorczany I,Drama,326
650,Dexter Stroman,Erotic,254
651,Dominik Green V,Mystery,845
652,Raquan Turcotte,Drama,275
653,Epsie Okuneva,Drama,631
654,Greggory Kirlin,Drama,180
655,Loreen Orn,Comedy,400
656,Mercedes Littel,Comedy,654
657,Roma Stark,Drama,533
658,Cheyenne Robel,Mystery,370
659,Fuller Ortiz,Drama,369
660,Isadora Cremin,Drama,104
661,Ebert Kub,Comedy,113
662,Ms. Rylee Smitham DDS,Mystery,131
663,Mr. Alexis Bechtelar Sr.,Mystery,319
664,Miguelangel Mohr,Mystery,494
665,Burdette Morissette,Drama,711
666,Jonnie Rodriguez,Erotic,761
667,Mamie D'Amore,Drama,192
668,Lorin Kohler,Drama,833
669,Marcelina Littel,Mystery,720
670,Ms. Francina Gleason,Drama,128
671,Redmond Legros,Erotic,327
672,Elvira Rosenbaum MD,Mystery,255
673,Miller McLaughlin,Comedy,250
674,Deion Lakin IV,Drama,270
675,Arvil Ward,Erotic,717
676,Alonza O'Hara PhD,Drama,409
677,Elaina Zieme,Autography,629
678,Miss Unique Ferry,Mystery,566
679,Dr. Amir Dach DDS,Drama,377
680,Beyonce Mraz PhD,Mystery,130
681,Mrs. Corene Reilly,Drama,596
682,Baron Berge,Mystery,141
683,Zion Walsh,Mystery,392
684,Brennan O'Conner,Mystery,657
685,Dusty Steuber,Comedy,742
686,Maya Dare,Mystery,606
687,Octavius Koch,Drama,947
688,Miss Laci Sawayn MD,Mystery,289
689,Osbaldo Schmitt,Mystery,411
690,Jakobe Feest,Comedy,868
691,Cecil Bode,Drama,33
692,Caydence Erdman,Drama,217
693,Judson Kemmer,Comedy,43
694,Jamir Kohler DVM,Drama,259
695,Dellar Bartoletti,Mystery,689
696,Kenia Koelpin,Drama,704
697,Carma Heathcote,Comedy,588
698,Dr. Brooks Kuhn III,Comedy,148
699,Loren McLaughlin,Drama,806
700,Bess Cronin,Erotic,71
701,Vannie Boehm,Mystery,948
702,Julisa Carter DVM,Drama,110
703,Marcy Nicolas,Mystery,557
704,Jewel Wyman,Mystery,375
705,Jed Satterfield,Drama,637
706,Cailyn Ankunding,Comedy,116
707,Dr. Polk Kessler,Mystery,591
708,Yancy Pouros,Erotic,410
709,Shellie Schaefer MD,Comedy,305
710,Wayland Grant,Drama,898
711,Jaylan Cole,Comedy,683
712,Glennis Conroy PhD,Autography,818
713,Kerry Dooley,Comedy,637
714,Jakayla Lakin,Mystery,408
715,Kenyatta Blanda,Drama,945
716,Kamora Collier,Comedy,399
717,Teri Reynolds,Mystery,698
718,Mr. Torrence Walker Sr.,Drama,29
719,Reubin Carter,Comedy,867
720,Mrs. Genie Gleichner,Drama,166
721,Dr. Stuart Doyle,Comedy,165
722,Avah Nikolaus,Erotic,237
723,Tal Heller,Mystery,425
724,Glenda Mitchell,Mystery,925
725,Dr. Hollie Pfannerstill,Drama,377
726,Dillon Haag,Drama,269
727,Emmet Luettgen IV,Comedy,806
728,Zander Lindgren,Drama,95
729,Tatia Jewess MD,Drama,871
730,Antwain Ritchie,Drama,429
731,Obe Mante IV,Comedy,79
732,Cooper Wisoky,Drama,240
733,Merry Beahan,Drama,72
734,Ms. Maxine Wolff,Comedy,640
735,Sharman Klein,Erotic,730
736,Courtland Goldner,Mystery,687
737,Jayson Homenick,Drama,171
738,Mr. Noe Grady,Comedy,653
739,Verlyn Halvorson,Drama,284
740,Yurem Muller,Mystery,577
741,Dr. Bridgette Koelpin,Drama,144
742,Elma Beier,Autography,982
743,Collier Bernier,Comedy,542
744,Collie Ruecker,Mystery,646
745,Magdalene Bartoletti DVM,Comedy,491
746,Nicholas Sanford,Mystery,749
747,Kareen Smitham,Comedy,738
748,Mrs. Larae Toy DDS,Drama,69
749,Mr. Kristofer Bergnaum,Drama,138
750,Burrel White,Drama,784
751,Greggory Prosacco,Erotic,542
752,Aryana Bergnaum,Drama,147
753,Mendy Berge,Mystery,396
754,Peggy O'Kon,Erotic,837
755,Marla Goodwin,Drama,312
756,Lacey Ullrich,Drama,511
757,Chin Ondricka,Drama,688
758,Angelique Tillman,Drama,137
759,Corina Schumm,Mystery,522
760,Orange Berge MD,Mystery,492
761,Edwina Renner,Comedy,614
762,Naima Denesik,Drama,685
763,Duff Metz I,Mystery,738
764,Marcela Batz,Mystery,326
765,Marrion Bins,Mystery,957
766,Erwin Rutherford,Comedy,851
767,Anitra Stanton,Drama,479
768,Christena Cole,Mystery,595
769,Mr. Dedrick Hilpert,Drama,720
770,Britt Friesen,Mystery,127
771,Blane Wintheiser,Mystery,405
772,Dion Parisian,Mystery,223
773,Finley Bernhard DVM,Comedy,384
774,Mr. Rolla Bednar III,Comedy,290
775,Selma Friesen,Drama,930
776,Blanch Johnson,Drama,638
777,Delaney Lemke,Comedy,212
778,Dr. Loree Hodkiewicz MD,Mystery,898
779,Dr. Drury Heidenreich DDS,Comedy,442
780,Jalynn Kemmer,Drama,848
781,Eris Rempel,Drama,999
782,Mr. Benjman Gerlach,Mystery,619
783,Isom Rice III,Drama,636
784,Kody Ondricka DVM,Drama,538
785,Jovanny Carter,Drama,423
786,Dr. Whitney Rosenbaum Sr.,Mystery,121
787,Mrs. Ayla Schultz DDS,Mystery,496
788,Muriel Krajcik DVM,Drama,286
789,Chanie Gulgowski,Mystery,467
790,Lesia Prohaska,Drama,684
791,Elmira West,Mystery,522
792,Bryton Lakin MD,Mystery,100
793,Branden Quigley,Autography,93
794,Valarie Wintheiser,Mystery,544
795,Yuliana Miller,Drama,408
796,Henry Bernier,Drama,379
797,Miss Bessie White PhD,Comedy,551
798,Dr. Jessi Roob PhD,Mystery,80
799,Elia Blick,Comedy,581
800,Arvel Davis,Mystery,779
801,Sharon Lowe,Mystery,430
802,Lurana O'Kon,Drama,792
803,Andrew Hane,Drama,823
804,Shania Abernathy,Drama,771
805,Victoriano Kihn,Drama,659
806,Luc Daniel,Comedy,490
807,Emerald Roberts,Drama,984
808,Kirsten Osinski,Drama,448
809,Clifton Hudson,Autography,11
810,Brianne Zulauf,Mystery,419
811,Mr. Shelton D'Amore DDS,Drama,682
812,Jaxson Goldner,Mystery,388
813,Jarret Wilkinson I,Comedy,346
814,Attie Emard,Comedy,186
815,Veta Hegmann,Comedy,440
816,Georgiana Marvin DDS,Comedy,292
817,Lurline Stroman,Autography,870
818,Mireya Brekke MD,Drama,779
819,Hetty Bernier,Drama,691
820,Mr. Trumaine Will,Mystery,558
821,Cole Friesen,Comedy,169
822,Edwardo Wilderman,Drama,128
823,Zelpha Auer,Drama,921
824,Marlin Casper,Drama,843
825,Miss Siddie Hoppe DDS,Drama,715
826,Eldridge Farrell,Mystery,989
827,Seneca Jenkins,Drama,93
828,Colten Graham,Drama,716
829,Mr. Albion Sporer,Drama,930
830,Dawna Koch,Erotic,790
831,Less Raynor,Drama,206
832,Harper Sporer,Comedy,822
833,Paige Torp,Drama,153
834,Mrs. Leesa Kessler,Comedy,997
835,Reese Skiles,Mystery,790
836,Mr. Wash Yundt,Drama,138
837,Mrs. Tula Kreiger,Mystery,48
838,Clemon Roberts IV,Mystery,37
839,Torrie Terry PhD,Comedy,918
840,Edwin Leffler,Drama,903
841,Mr. Marland Schulist V,Drama,458
842,Angus Kutch,Mystery,495
843,Buddie Murazik,Comedy,191
844,Clifton Reichert,Drama,685
845,Kraig Murphy,Comedy,137
846,Earnestine Koelpin,Mystery,375
847,Dr. Howard Stracke V,Drama,563
848,Dr. Kelley Dickinson,Comedy,148
849,Malcolm McGlynn,Drama,438
850,Jaylene Zemlak,Comedy,388
851,Jaxen Keebler Jr.,Comedy,229
852,Richie Heathcote,Autography,327
853,Fleet Considine,Comedy,362
854,Mr. Severt Kassulke,Comedy,981
855,Dr. Taylor Koepp V,Mystery,255
856,Jonathan Brakus,Mystery,250
857,Lisandro Vandervort,Comedy,331
858,Elmore Hagenes,Drama,294
859,Dewitt Walker,Drama,726
860,Mrs. Iva Stokes DDS,Comedy,326
861,Chet Baumbach,Mystery,277
862,Mr. Golden Stark,Mystery,91
863,Cayden Kessler,Drama,817
864,Primus Bode,Drama,423
865,Lidie Boyer DVM,Drama,176
866,Rona Grant,Drama,946
867,Eddie Hayes,Mystery,670
868,Dossie Lebsack,Comedy,847
869,Britta Bernier,Autography,887
870,Wendi Corkery,Drama,636
871,Dr. Teddie Bernier Jr.,Mystery,896
872,Zita Schowalter,Comedy,453
873,Ms. Araminta Yost DDS,Mystery,647
874,Ciarra Zemlak,Comedy,176
875,Clarinda Smith,Drama,128
876,Graham Hettinger,Erotic,560
877,Michell Christiansen,Mystery,327
878,Myer Beier,Drama,31
879,Manley Batz,Mystery,961
880,Miss Lota Kirlin,Mystery,197
881,Dr. Xavier Kertzmann DVM,Mystery,172
882,Dania Osinski,Drama,227
883,Alvira Bayer,Drama,104
884,Mrs. Jeraldine Ernser,Mystery,498
885,Vonda Borer,Drama,387
886,Clarnce Grimes,Drama,436
887,Dr. Julius Doyle,Mystery,80
888,Dr. Byron Leuschke,Erotic,753
889,Williard Pacocha,Comedy,61
890,Lavona Kuhlman PhD,Mystery,312
891,Dr. Oscar Metz MD,Drama,293
892,Rhianna Auer MD,Comedy,743
893,Belton Hermiston,Drama,886
894,Dr. Dana Deckow,Comedy,83
895,Jared Hagenes,Drama,542
896,Parley Lehner,Mystery,265
897,Bonita Wilkinson,Mystery,104
898,Gracelyn Kling MD,Comedy,838
899,Wilford Brown,Comedy,464
900,Miss Alba Abbott DDS,Drama,416
901,Sage Kris,Drama,134
902,Harl Tremblay DVM,Mystery,927
903,Kalvin Rutherford,Drama,270
904,Dr. Chin Turcotte PhD,Drama,802
905,Windell Leffler,Comedy,264
906,Kiya Kunze,Mystery,416
907,Elisa Glover,Drama,960
908,Ms. Laylah Daniel PhD,Drama,695
909,Niko Renner,Erotic,842
910,Venita Tromp,Mystery,49
911,Miss Daniele Cormier,Erotic,221
912,Dr. Bradly Carroll,Mystery,968
913,Bynum Renner,Drama,250
914,Mima Hayes DVM,Drama,114
915,Karter Crona,Drama,11
916,Mr. Donte Erdman III,Mystery,349
917,Aryan Bergstrom,Mystery,120
918,Mrs. Aurilla O'Hara,Mystery,311
919,Harland Mertz,Drama,295
920,Dr. Hobert Keebler,Drama,846
921,Robt Stiedemann,Drama,605
922,Mia Zulauf,Autography,341
923,Ryan Grady,Erotic,892
924,Tyriq Mayer,Drama,568
925,Dr. Ab Osinski PhD,Mystery,403
926,Lexie Morar,Drama,448
927,Miss Reece Predovic MD,Mystery,167
928,Dr. Edmund Osinski,Autography,695
929,Jaydon Gleason,Comedy,293
930,Richie McClure,Mystery,744
931,Kati Wisoky,Drama,282
932,Leamon Wintheiser II,Drama,810
933,Jarrod Abbott,Drama,846
934,Shade Hirthe,Erotic,561
935,Kyla Koss DVM,Mystery,59
936,Kazuo Renner,Erotic,45
937,Dr. Ean McLaughlin PhD,Erotic,896
938,Annabel Dickens,Mystery,330
939,Dr. Colette Purdy,Drama,292
940,Jordan Daniel,Comedy,47
941,Terra Bechtelar,Drama,460
942,Dr. Terrance Schiller Jr.,Mystery,159
943,Frona Howe,Drama,505
944,Tami O'Reilly,Mystery,605
945,Efrain Greenfelder,Drama,323
946,Elenore Wiza,Drama,221
947,Canyon Braun,Drama,747
948,Hermina Beatty,Drama,882
949,Barton Harber,Comedy,178
950,Miss Wava Bergstrom,Autography,985
951,Miss Chanel Hoeger DVM,Drama,734
952,Brittney Klein DVM,Drama,212
953,Nakia Block I,Mystery,76
954,Lincoln Rath I,Drama,926
955,Kalie Bogan,Drama,522
956,Ocie Torp,Mystery,490
957,Mohammed Dicki,Drama,138
958,Zaida Erdman PhD,Mystery,571
959,Mrs. Doshie Schimmel,Autography,917
960,Dr. Chris Price,Drama,12
961,Travis McCullough,Drama,619
962,Angie Jewess,Drama,632
963,Dr. Akeelah Kertzmann DDS,Comedy,264
964,Mr. Neil Mohr III,Mystery,312
965,Brody Brown,Comedy,540
966,Darrick Ratke,Comedy,454
967,Alan Prohaska,Drama,358
968,Austen Schaden,Comedy,647
969,Ms. Earnestine Ruecker PhD,Drama,963
970,Daron Crist,Mystery,814
971,Elena Daugherty,Mystery,410
972,Monte Dach V,Comedy,81
973,Rachael Larson,Comedy,206
974,Nada Mann,Erotic,846
975,Mrs. Anjelica Kirlin MD,Drama,237
976,Gabe Gulgowski,Mystery,112
977,Meghan Connelly,Mystery,106
978,Miss Gretta Simonis DVM,Drama,963
979,Ashton Dickinson,Drama,547
980,Mervin Welch,Erotic,472
981,Ronal McDermott,Mystery,791
982,Tobie Hand,Mystery,984
983,Dr. Rossie Ferry DDS,Mystery,270
984,Miss Libbie Cronin,Mystery,200
985,Mrs. Kyra Zulauf MD,Mystery,217
986,Kenny Legros,Autography,705
987,Leatrice Beahan,Mystery,307
988,Almeda Williamson,Drama,871
989,Versa Upton DDS,Erotic,853
990,Hayden Macejkovic,Mystery,951
991,Erykah Bartell,Drama,55
992,Nikolai Gulgowski,Erotic,919
993,Dr. Dianna Kutch,Mystery,493
994,Rolf Douglas,Erotic,475
995,Tami Kilback,Comedy,300
996,Mr. Linzy Johns V,Comedy,719
997,Jerald Luettgen DDS,Mystery,877
998,Ebbie McKenzie,Comedy,229
999,Dr. Jake Hartmann II,Drama,607
1000,Caryl Douglas,Comedy,29
