1,AC,8762 High Mount St. Brieux DC 20045-1600 US (202) 864-1482
2,Ace,9690 Middle Shadow Via Battiest NJ 08917-8276 US (732) 329-2616
3,Ace 47071,7994 Foggy Ramp Hepburn MN 56236-5249 US (218) 616-5072
4,Ace 84600,6320 Tawny Log Pathway Scotch Bonnet VT 05299-9176 US (802) 757-5704
5,Ace 84601,5614 Green Line Wanamingo WY 82899-0695 US (307) 348-9013
6,Ace 1974, 9079 Clear Oak Quay Gold Coin GA 39983-9180 US (678) 619-8181
7,ACES,3633 Merry Fox Trace Devon NE 69957-7560 US (531) 915-7902
8,ACS,4198 Quiet Heights Crooked Creek NH 03416-7870 US (603) 773-2762
9,ACA,9202 Indian Round Dipple IL 62337-1301 US (872) 501-4823
10,ACAS,9081 Round Beacon Glade Cash Corner NJ 08522-6461 US (973) 392-2284
11,ACAA,7674 Silent Knoll Sand Draw ME 04560-0776 US (207) 324-2916
12,ACACE,5435 Pleasant Loop Honda IN 46558-3728 US (765) 432-5211
13,ACACA,5687 Dusty Brook Terrace Pot Neck SC 29142-7369 US (864) 139-8388
14,Acacia,6587 Rustic Apple Key Delaware WI 54277-8247 US (920) 258-2933
15,ACACL,6220 Rocky Anchor Lane Cave-in-Rock OH 43929-7002 US (440) 843-7301
16,Academic,5603 Gentle Moor Quality MS 39757-5426 US (228) 910-0307
17,Ace Academic,3738 Thunder Willow Alley Fricks Crossing WA 98141-4495 US (253) 814-7996
18,Ace Academics,5083 Fallen Dell Coinjock SC 29565-6790 US (843) 592-9849
19,AB Academic,4050 Sunny Dale Road Wyomanock SC 29093-2978 US (803) 699-1711
20,BC,3762 Lost Bear Heath Mexhoma VT 05710-9534 US (802) 480-6634
21,BCS,8159 Crystal Treasure Walk Tater Peeler AL 35048-7416 US (251) 231-0127
22,BCS Associates,7133 Wishing Harbour Red Hot OK 74974-3591 US (539) 932-1388
23,AME BC,7864 Cozy Corner Skylight MD 21405-0281 US (240) 809-8779
24,BCA,188 Honey Autumn Path Bird's Point TN 37826-7204 US (615) 062-6376
25,BCA 1995,4679 Harvest Deer Pointe Possum Hollow NY 10861-2906 US (607) 869-3340
26,BC-AD,7350 Easy Grounds Mosquito Landing VA 22876-7388 US (571) 771-9987
27,BCAR,4439 Golden Field Tillicum ID 83817-0023 US (208) 568-3321
28,BCD,311 Umber View Casper MT 59067-9252 US (406) 069-7827
29,BCDadvisors,2275 Grand Cloud Vista New Erection GA 39872-9013 US (770) 559-4539
30,BCEMA,7941 Hidden Barn Parade Bulldog Crossing OK 73851-8133 US (580) 664-4980
31,BCFA,913 Emerald Close Ice Mine MS 39103-1256 US (662) 961-8630
32,BCGA,3478 Misty Cider Drive Leatherbark PA 15284-3470 US (814) 753-7817
33,BCI,8837 Velvet Wynd Ready NE 69004-8521 US (402) 373-0532
34,BCIS,6382 Cotton Blossom Chase Sandwich WA 98385-9329 US (509) 525-0329
35,BCIA,9963 Heather Common Tomboy ND 58756-6673 US (701) 128-8961
36,BCIRA,2551 Dewy Wood Singapore MN 55997-3743 US (320) 489-4491
37,BCIT,2984 Amber Prairie Centre Persist MA 01844-9609 US (857) 272-5831
38,BCM,9914 Lazy Pond Island Negros Liberty Settlement NE 68230-1564 US (531) 707-8599
39,BCMC,1015 Noble Park Sleepy Hollow TN 38327-8235 US (931) 372-7005
40,Basic Books cc1973,7914 Sleepy Wagon Campus Berwick IN 47966-2987 US (812) 818-4347
41,Ashgate cc2003,9371 Cinder Creek Square Adventure SC 29458-2174 US (803) 508-6295
42,Asjen CC,8047 Blue View Crescent Sligo NH 03873-6675 US (603) 178-9229
43,AV-CC,8050 Hazy Run Pyramid SD 57221-7031 US (605) 150-5283
44,C.C. Bender,3935 Red Pines Wembley FL 34793-1484 US (941) 961-4571
45,C.C. Buchner,5256 Quaking Island Promenade Gay Sha Lor TN 37919-2136 US (615) 465-2234
46,C&amp;C,8819 Bright Expressway Eastend PA 15902-7226 US (570) 368-2497
47,C&amp;C Books,5420 Shady Panda End Strathmore FL 33319-7228 US (813) 670-5526
48,CC,820 Colonial Sky Falls Horseheads DC 20050-9653 US (202) 916-4283
49,CC 600,858 Burning Leaf Edge Big Beaver NV 89229-3007 US (775) 369-4722
50,CC Books,7144 Broad Pioneer Thicket La Push RI 02896-4877 US (401) 493-0924
51,cc1988,40 Umber Diversion Idlewild MI 48811-5733 US (517) 535-6376
52,Castalia,5266 Pleasant Prairie Expressway Nail MT 59919-0338 US (406) 263-9303
53,CCS,789 Harvest Rabbit Gate Georgetown ID 83528-3123 US (208) 913-7680
54,CCA,3626 Little Plaza Lumpkin SD 57830-4496 US (605) 701-4802
55,C&amp;CAA,3466 Bright Fox Grounds Weeki Wachee ND 58217-0135 US (701) 559-0764
56,CCAC,7404 Wishing Private Ragtown CO 80490-5542 US (970) 114-0815
57,CCAR,646 Heather Mews Clappertown MI 49271-3752 US (231) 777-3378
58,CCB Aviation Books,5748 Sunny Sky Manor Zook KY 41248-0701 US (606) 828-1202
59,BCC/CCBI,6280 Green Jetty Blue Diamond MI 49839-0655 US (989) 211-4155
60,DCS,7391 Red Pine Crest Macklin AZ 86901-4008 US (480) 528-5912
61,DC,2908 Quiet Common Hatmaker NV 89908-1934 US (702) 165-7205
62,DC Books,7732 Foggy View Caketown WY 82748-5198 US (307) 049-1010
63,DC Comics,8722 Honey Mount Hooker Corner NC 28849-3964 US (704) 902-0114
64,Dc Comics,5878 Rocky Gardens Point Truth NV 89683-8557 US (702) 581-2032
65,dc da capo,9558 Misty Beacon Abbey Two Taverns ID 83836-9117 US (208) 711-6063
66,D.C,9188 Indian Port Beebeetown MT 59049-6935 US (406) 101-1399
67,D.C. Baines,1560 Quaking Island Glen Goodnews Bay MD 21263-5141 US (301) 117-2712
68,D.C. Books,7883 Lazy Ledge Lampman IL 61461-8552 US (708) 458-2732
69,D.C. Comics,2276 High Place Idle Hour AL 35447-7459 US (205) 539-2716
70,D.C. Cook,5101 Gentle Range Coffee MO 64983-0948 US (816) 678-5646
71,D.C. Crummey,1327 Stony Wood Piscataway MI 48163-7049 US (906) 073-4853
72,D&amp;C,5536 Silver Downs Marrowbone VT 05457-7642 US (802) 334-9823
73,cDc communications,4643 Silent Pond Towers Hurry CA 92792-4335 US (925) 216-6205
74,D.-C. Blanger,214 Colonial Subdivision Scrappy Corner NH 03073-9937 US (603) 303-0795
75,D.-C. B?elanger,8252 Dusty Mountain Campus Estiffanulga UT 84653-9427 US (435) 217-6530
76,DCA,4936 Merry Loop Stonelick MN 55713-3738 US (218) 229-7849
77,Cy DcCosse,4589 Sleepy Hills Pointe Musketamquid Village TX 78507-6515 US (512) 271-8115
78,DCE Consultants,9695 Clear Lane Otter Hole WI 53348-0246 US (715) 283-2354
79,DCELLS,1183 Thunder Bay Chiquita OH 45066-9920 US (419) 804-4074
80,ECS,1495 Iron Promenade Appeal CT 06676-0390 US (860) 396-4825
81,EC,7603 Middle Embers Corner Mud Castle NE 69689-2775 US (402) 716-7897
82,EC 2000,339 Shady Chase Breidablick OR 97667-8145 US (541) 872-5106
83,EC Art,5139 Amber Pioneer Moor Telescope NC 27966-7295 US (252) 614-2080
84,EC Designs,1511 Lost Branch Passage Mew KS 66534-9433 US (913) 457-5000
85,EC3 Corp,9729 Crystal Anchor Isle Duval MT 59006-3932 US (406) 546-5330
86,Ec3corp,3157 Grand Lagoon Extension Concepcion RI 02871-0577 US (401) 634-4155
87,Ece,9117 Cotton Barn Green Mesquite WY 82728-7711 US (307) 327-4259
88,E.C. Braithwaite,3028 Easy Bend Gravity ME 04952-6365 US (207) 114-2094
89,E.C. Brunn,9976 Old Autumn Cape Sleeper KY 42237-2120 US (270) 902-5204
90,E.C. Burr,4684 Velvet Blossom Harbour Windthorst NE 69001-1583 US (308) 763-2576
91,E.C. Chandler,846 Broad Timber Field Asphaltum VA 24528-0911 US (571) 763-8850
92,Allhallows Barking E.C,9388 Hazy Leaf Beach New Deal NM 87169-1605 US (505) 166-9196
93,: ECA Associates,2288 Cinder Zephyr Forest Rockglen MA 01628-9165 US (978) 332-0509
94,Eca Assoc,8744 Cozy Deer Thicket Dog Town OR 97145-9065 US (458) 945-7190
95,ECA Associates,4657 Noble Treasure Crescent Fivemile Still SD 57623-0504 US (605) 417-3496
96,ECAADE,4211 Round Rise Circuit Polecat Landing WY 82151-2545 US (307) 519-0740
97,Ecademy,923 Rustic Landing Cathlapotle ND 58788-5242 US (701) 789-1392
98,Ecafsa,1423 Emerald Forest Round Pukwana Beach LA 71289-0590 US (985) 675-1442
99,Ecarlate,2772 Hidden Orchard Churchill MN 55908-4387 US (218) 755-0340
100,FC &amp; a,3476 Jagged Centre Panacea NJ 08782-9022 US (609) 966-9719
101,FC ARQUITE,5743 Heather Pike Poorman NM 87584-1372 US (575) 197-0841
102,FC2,4948 Sleepy Sky Swale Raisin Center NJ 07371-9059 US (856) 670-1818
103,FCS,7685 Bright Maze Time MS 38769-1708 US (228) 113-0123
104,F.C. and A. Dredge,1292 Velvet Dale Democrat IN 47811-5283 US (260) 347-4673
105,F.C. Avis,7251 Red Carrefour Wolfville ID 83685-8429 US (208) 461-8219
106,F.C. Beil,7830 Misty Cider Landing Increase VT 05198-4551 US (802) 347-0450
107,F.C. Dorrance,5228 Quiet Bay Kaimuki NM 88373-5098 US (575) 414-2930
108,F.C. Dorrance,9562 Golden Line Welcome Home WI 53996-9092 US (534) 861-9559
109,FC&amp;A,410 High Blossom Bend Blacktail FL 33471-1045 US (863) 803-1830
110,FAUSA and FCA,7837 Fallen Dale Avenue Mock City UT 84403-3841 US (385) 127-4812
111,F.Cass,8286 Quaking Mall  Idaho ID 83410-7529 US (208) 314-2179
112,FCC Edies,1834 Hazy Quail Mountain Conquest AZ 86868-5010 US (602) 533-3682
113,FCE,3127 Broad Zephyr Estates Peacock Crossing MO 63987-5542 US (816) 386-4115
114,FCE CREA,5907 Umber Pathway Hard Cash IL 61477-9043 US (630) 667-3187
115,Ediciones F.C.E,2691 Easy Deer Hollow Neahkahnie Beach UT 84002-5167 US (435) 803-2027
116,F.C.E,727 Lost Hills Byway Agate WA 98981-8589 US (360) 143-7025
117,FCE-CREA,4189 Sunny Pony Crest China IA 50374-2898 US (712) 161-7433
118,FCN Banc Corp.,8296 Harvest Forest Highway Greenhead FL 32058-2698 US (727) 541-4422
119,FCP,4644 Tawny Place Frogeye OK 74817-6266 US (539) 232-3208
120,FCLna gC,5245 Stony Beacon Knoll Pirate Harbor LA 71395-3126 US (985) 542-0074
121,G.C,7128 Grand Fawn Ledge Black Gnat AK 99878-6030 US (907) 794-3966
122,G.C. Asnani,4151 Jagged Hill Lickville MD 21947-8304 US (443) 531-7525
123,G.C. Atkin,2976 Merry Diversion Dime Landing OR 97196-5594 US (503) 084-9585
124,G.C. Benoit,1554 Blue Circle Chickahominy LA 70896-2192 US (225) 793-3493
125,G.C. Books,9934 Dewy Wood Loves Folly IA 51910-7895 US (641) 216-0842
126,G.C. Briggs,7819 Rustic River Island Midale OR 97402-2647 US (971) 808-3354
127,G.C. Burton,3326 Gentle Anchor Meadow Scientists Cliffs CT 06469-0587 US (860) 460-4020
128,G.C. Chopping,1284 Indian Creek Mews East Yazo Skatane KY 40267-7440 US (859) 020-9860
129,G.C. Dutt,2122 Crystal Townline Cheapside KY 40262-2139 US (859) 210-9834
130,GC,785 Dusty Leaf Extension Homochitto NM 87623-7786 US (575) 550-8588
131,GC Books,2053 Old Turnabout Beebeetown NE 68261-5826 US (531) 247-7084
132,GCA,3246 Pleasant Shadow Acres Pilltown VA 24125-7586 US (571) 191-8253
133,GCCG Books,7186 Amber Autoroute Elk Point AZ 86089-2075 US (928) 558-4306
134,GCE,8115 Iron Berry View Plastic WA 99470-6785 US (509) 939-2463
135,G.Chapman,1131 Clear Glade Viking KY 41441-3726 US (859) 197-9883
136,Gci Books,3726 Emerald Butterfly Towers Fallentimber WY 82814-8717 US (307) 208-0822
137,G.Cooke,6435 Honey Brook Canyon Sucker Brook MT 59175-8369 US (406) 312-2803
138,G.Corbo,616 Silent Timber By-pass Weldon MN 55305-1458 US (612) 863-4897
139,Gcr Books,1589 Thunder Villas Spiderweb TN 38594-5640 US (865) 620-3760
140,E.C. and H.C. Behn,2798 Cozy Street Ben Franklin AR 71979-8864 US (870) 784-6110
141,H&amp;C Books,1560 Hidden Cloud Mount Fender CA 90567-9514 US (530) 482-8327
142,H.C. Allison,9745 Round Spring Crescent Red Cloud NM 87050-2331 US (505) 395-4264
143,H.C. Baird,271 Burning Rabbit Walk Frost Corners WA 99277-8283 US (509) 792-4787
144,H.C. Barton,1337 Wishing Harbour Papa MO 65263-3125 US (660) 044-6598
145,H.C. Cairns,8219 Lazy Link Wynward OR 97882-9354 US (503) 041-0057
146,H.C. Cooper,7204 Middle Grove Drive Deadmans Corner AL 35760-5326 US (256) 567-2501
147,H.C. Cooper,3632 Cotton Wagon Passage Mendham AR 72079-6920 US (501) 929-7012
148,H.C. Coppock,6512 Little Oak Route Bee Tree WV 24948-5923 US (304) 393-3145
149,H.C. Cottle,1994 Colonial Autumn Alley Dog Patch CO 81202-9049 US (719) 836-8514
150,H.C. Dass,2648 Cinder Pines Titicus WA 98310-9161 US (253) 999-4113
151,H.C. Davies,6601 Emerald Forest Circuit Scipio OK 74266-4028 US (405) 302-5066
152,H.C. Davis,343 Round Crescent Germany GA 39873-1149 US (470) 427-6477
153,H.C. Davis,1239 Clear Diversion Flickerville TN 37483-0416 US (423) 530-5396
154,H.C. Denham,1168 Blue Dell Semans AR 72278-9742 US (479) 493-7971
155,HC,5837 Old Beach Triadelphia CT 06051-1089 US (475) 516-3973
156,HC Editions,3412 Dewy Nectar Vista Horse Head KY 41491-9795 US (859) 882-8657
157,HC: HarperCollins,6577 Sleepy Horse Park New London AR 71849-7266 US (870) 362-3013
158,HarperCollins Canada / Cdn Adult Hc,625 Jagged Heights Deadman Crossing MO 65632-8532 US (417) 279-0419
159,H.C. Coppock,3502 Little Bluff Terrace Stonehenge OK 74721-8117 US (580) 734-7514
